{
  "folds": {
    "fold_1_none": {
      "sigmoid": {
        "enabled": true,
        "warnings": [],
        "brier": 0.02557462278604558,
        "brier_recommended": 0.02557462278604558,
        "brier_binary": null,
        "brier_multiclass_sum": 0.10229849114418232,
        "brier_multiclass_mean": 0.02557462278604558,
        "log_loss": 0.2819557643339716,
        "ece": 0.22079611640865676,
        "ece_top1": 0.22079611640865676,
        "ece_binary_pos": null,
        "ece_ovr_macro": 0.11507873442367755,
        "mean_confidence_top1": 0.7746987147936506,
        "accuracy_top1": 0.96875,
        "confidence_gap_top1": -0.1940512852063494,
        "pred_alignment_mismatch_rate": 0.0,
        "pred_alignment_note": "Using argmax(y_proba) for top1 ECE by definition; y_pred mismatch indicates postprocessing.",
        "ece_ovr__G3": 0.10426389220409372,
        "ece_ovr__G4": 0.13100960717007432,
        "ece_ovr__SHH": 0.12349741560638153,
        "ece_ovr__WNT": 0.10154402271416063
      },
      "isotonic": {
        "enabled": false,
        "warnings": [
          "Isotonic calibration not supported (min samples or class counts too low); skipping."
        ],
        "brier": null,
        "ece": null,
        "log_loss": null
      },
      "fold": 1,
      "variant": "none"
    },
    "fold_2_none": {
      "sigmoid": {
        "enabled": true,
        "warnings": [],
        "brier": 0.02163940360477559,
        "brier_recommended": 0.02163940360477559,
        "brier_binary": null,
        "brier_multiclass_sum": 0.08655761441910235,
        "brier_multiclass_mean": 0.02163940360477559,
        "log_loss": 0.26530028470713635,
        "ece": 0.227982898433025,
        "ece_top1": 0.227982898433025,
        "ece_binary_pos": null,
        "ece_ovr_macro": 0.11399144921651247,
        "mean_confidence_top1": 0.772017101566975,
        "accuracy_top1": 1.0,
        "confidence_gap_top1": -0.227982898433025,
        "pred_alignment_mismatch_rate": 0.0,
        "pred_alignment_note": "Using argmax(y_proba) for top1 ECE by definition; y_pred mismatch indicates postprocessing.",
        "ece_ovr__G3": 0.08713737756985815,
        "ece_ovr__G4": 0.1162193346846224,
        "ece_ovr__SHH": 0.13782435535113044,
        "ece_ovr__WNT": 0.11478472926043894
      },
      "isotonic": {
        "enabled": false,
        "warnings": [
          "Isotonic calibration not supported (min samples or class counts too low); skipping."
        ],
        "brier": null,
        "ece": null,
        "log_loss": null
      },
      "fold": 2,
      "variant": "none"
    },
    "fold_3_none": {
      "sigmoid": {
        "enabled": true,
        "warnings": [],
        "brier": 0.018299644448530387,
        "brier_recommended": 0.018299644448530387,
        "brier_binary": null,
        "brier_multiclass_sum": 0.07319857779412155,
        "brier_multiclass_mean": 0.018299644448530387,
        "log_loss": 0.22396968667047915,
        "ece": 0.1913815141707919,
        "ece_top1": 0.1913815141707919,
        "ece_binary_pos": null,
        "ece_ovr_macro": 0.09569075708539597,
        "mean_confidence_top1": 0.808618485829208,
        "accuracy_top1": 1.0,
        "confidence_gap_top1": -0.19138151417079197,
        "pred_alignment_mismatch_rate": 0.0,
        "pred_alignment_note": "Using argmax(y_proba) for top1 ECE by definition; y_pred mismatch indicates postprocessing.",
        "ece_ovr__G3": 0.0665576530250164,
        "ece_ovr__G4": 0.09488439712639724,
        "ece_ovr__SHH": 0.11440362313802421,
        "ece_ovr__WNT": 0.106917355052146
      },
      "isotonic": {
        "enabled": false,
        "warnings": [
          "Isotonic calibration not supported (min samples or class counts too low); skipping."
        ],
        "brier": null,
        "ece": null,
        "log_loss": null
      },
      "fold": 3,
      "variant": "none"
    }
  },
  "confusion_matrices": {
    "labels": [
      "G3",
      "G4",
      "SHH",
      "WNT"
    ],
    "folds": {
      "fold_1_none": {
        "matrix": [
          [
            8,
            0,
            0,
            0
          ],
          [
            0,
            11,
            0,
            0
          ],
          [
            0,
            1,
            8,
            0
          ],
          [
            0,
            0,
            0,
            4
          ]
        ],
        "variant": "none",
        "fold": 1
      },
      "fold_2_none": {
        "matrix": [
          [
            7,
            0,
            0,
            0
          ],
          [
            0,
            12,
            0,
            0
          ],
          [
            0,
            0,
            9,
            0
          ],
          [
            0,
            0,
            0,
            3
          ]
        ],
        "variant": "none",
        "fold": 2
      },
      "fold_3_none": {
        "matrix": [
          [
            7,
            0,
            0,
            0
          ],
          [
            0,
            12,
            0,
            0
          ],
          [
            0,
            0,
            8,
            0
          ],
          [
            0,
            0,
            0,
            4
          ]
        ],
        "variant": "none",
        "fold": 3
      }
    },
    "aggregate": [
      [
        22,
        0,
        0,
        0
      ],
      [
        0,
        35,
        0,
        0
      ],
      [
        0,
        1,
        25,
        0
      ],
      [
        0,
        0,
        0,
        11
      ]
    ]
  },
  "selection": {
    "method_default": "sigmoid",
    "method_selected": "sigmoid",
    "reason": "Default to sigmoid calibration.",
    "summary": {
      "sigmoid": {
        "n": 3,
        "brier_mean": 0.02183789027978385,
        "ece_mean": 0.2133868430041579,
        "log_loss_mean": 0.2570752452371957
      },
      "isotonic": {
        "n": 0,
        "brier_mean": null,
        "ece_mean": null,
        "log_loss_mean": null
      }
    }
  }
}