{
  "summary": {
    "f1_macro": 0.9914748508098893,
    "balanced_accuracy": 0.9907407407407408,
    "recall": 0.9907407407407408,
    "specificity": 0.996031746031746,
    "ppv": 0.9930555555555555,
    "npv": 0.9965277777777778,
    "precision": 0.9930555555555555,
    "brier_calibrated": 0.02183789027978385,
    "ece_calibrated": 0.2133868430041579,
    "log_loss_calibrated": 0.2570752452371957
  },
  "per_fold": {
    "f1": [
      0.9744245524296676,
      1.0,
      1.0
    ],
    "balanced_accuracy": [
      0.9722222222222222,
      1.0,
      1.0
    ],
    "sensitivity": [
      0.9722222222222222,
      1.0,
      1.0
    ],
    "specificity": [
      0.988095238095238,
      1.0,
      1.0
    ],
    "ppv": [
      0.9791666666666666,
      1.0,
      1.0
    ],
    "npv": [
      0.9895833333333334,
      1.0,
      1.0
    ],
    "precision": [
      0.9791666666666666,
      1.0,
      1.0
    ],
    "brier_calibrated": [
      0.02557462278604558,
      0.02163940360477559,
      0.018299644448530387
    ],
    "ece_calibrated": [
      0.22079611640865676,
      0.227982898433025,
      0.1913815141707919
    ],
    "log_loss_calibrated": [
      0.2819557643339716,
      0.26530028470713635,
      0.22396968667047915
    ]
  }
}