{
  "summary": {
    "f1_macro": 0.9540258794083648,
    "balanced_accuracy": 0.9524497572499491,
    "recall": 0.9524497572499491,
    "specificity": 0.9952863008976246,
    "ppv": 0.9597630126004034,
    "npv": 0.9954011862787437,
    "precision": 0.9597630126004034,
    "mcc": 0.9492106381077977,
    "brier": 0.00618948970191797,
    "brier_recommended": 0.00618948970191797,
    "brier_multiclass_sum": 0.06808438672109766,
    "brier_multiclass_mean": 0.00618948970191797,
    "log_loss": 0.1498246448353687,
    "ece": 0.062249096934672676,
    "ece_top1": 0.062249096934672676,
    "ece_ovr_macro": 0.010311049655436012,
    "mean_confidence_top1": 0.9016972508815088,
    "accuracy_top1": 0.9621031068624104,
    "confidence_gap_top1": -0.06040585598090172,
    "pred_alignment_mismatch_rate": 0.0,
    "ece_ovr__ATRT_MYC": 0.009297516068703396,
    "ece_ovr__ATRT_SHH": 0.014761012784402729,
    "ece_ovr__ATRT_TYR": 0.00718685462312835,
    "ece_ovr__CNS_BCOR_ITD": 0.0048686081838212915,
    "ece_ovr__CNS_NB_FOXR2": 0.004960167388864098,
    "ece_ovr__ETMR_C19MC": 0.0025736877669253534,
    "ece_ovr__MB_G3": 0.021127925903407414,
    "ece_ovr__MB_G4": 0.023381544296035502,
    "ece_ovr__MB_SHH_CHL_AD": 0.00854743409386367,
    "ece_ovr__MB_SHH_INF": 0.011102553374302215,
    "ece_ovr__MB_WNT": 0.0056142417263420836,
    "brier_uncalibrated": 0.00618948970191797,
    "brier_recommended_uncalibrated": 0.00618948970191797,
    "brier_multiclass_sum_uncalibrated": 0.06808438672109766,
    "brier_multiclass_mean_uncalibrated": 0.00618948970191797,
    "log_loss_uncalibrated": 0.1498246448353687,
    "ece_uncalibrated": 0.062249096934672676,
    "ece_top1_uncalibrated": 0.062249096934672676,
    "ece_ovr_macro_uncalibrated": 0.010311049655436012,
    "mean_confidence_top1_uncalibrated": 0.9016972508815088,
    "accuracy_top1_uncalibrated": 0.9621031068624104,
    "confidence_gap_top1_uncalibrated": -0.06040585598090172,
    "pred_alignment_mismatch_rate_uncalibrated": 0.0,
    "ece_ovr__ATRT_MYC_uncalibrated": 0.009297516068703396,
    "ece_ovr__ATRT_SHH_uncalibrated": 0.014761012784402729,
    "ece_ovr__ATRT_TYR_uncalibrated": 0.00718685462312835,
    "ece_ovr__CNS_BCOR_ITD_uncalibrated": 0.0048686081838212915,
    "ece_ovr__CNS_NB_FOXR2_uncalibrated": 0.004960167388864098,
    "ece_ovr__ETMR_C19MC_uncalibrated": 0.0025736877669253534,
    "ece_ovr__MB_G3_uncalibrated": 0.021127925903407414,
    "ece_ovr__MB_G4_uncalibrated": 0.023381544296035502,
    "ece_ovr__MB_SHH_CHL_AD_uncalibrated": 0.00854743409386367,
    "ece_ovr__MB_SHH_INF_uncalibrated": 0.011102553374302215,
    "ece_ovr__MB_WNT_uncalibrated": 0.0056142417263420836
  },
  "per_fold": {
    "f1": [
      0.9624841693963362,
      0.9738636363636364,
      0.9337998782341592,
      0.8938673638991244,
      0.9784765925296004,
      0.978048066133555,
      0.9381289415860298,
      0.9039364829029756,
      0.9816257591105462,
      0.9797253251798708,
      0.9736231884057972,
      0.9507311491587468
    ],
    "balanced_accuracy": [
      0.9580265322912382,
      0.9712412587412588,
      0.9272573015220076,
      0.8877979863273981,
      0.9821048516700692,
      0.9790644138470224,
      0.932638617421226,
      0.901680203854117,
      0.9828722002635046,
      0.9839262187088272,
      0.9736231884057972,
      0.9491643139469226
    ],
    "sensitivity": [
      0.9580265322912382,
      0.9712412587412588,
      0.9272573015220076,
      0.8877979863273981,
      0.9821048516700692,
      0.9790644138470224,
      0.932638617421226,
      0.901680203854117,
      0.9828722002635046,
      0.9839262187088272,
      0.9736231884057972,
      0.9491643139469226
    ],
    "specificity": [
      0.9963151951043212,
      0.9967266683873168,
      0.9942829704719944,
      0.9908390738043096,
      0.99636299142228,
      0.9962305481080184,
      0.993180752000874,
      0.9907379303388856,
      0.9985319039874124,
      0.998025808936826,
      0.996847647748638,
      0.9953541204606192
    ],
    "ppv": [
      0.9690885972513826,
      0.9779545454545456,
      0.948466935363487,
      0.9052134934031486,
      0.9762557410512502,
      0.977833655705996,
      0.9527733475101896,
      0.9142087030384904,
      0.9809190809190808,
      0.9781144781144782,
      0.9736231884057972,
      0.9627043849869936
    ],
    "npv": [
      0.9965752520016272,
      0.99703378288664,
      0.9946943044923874,
      0.9912451580224484,
      0.9961544349191956,
      0.9962530895715944,
      0.9933733000049564,
      0.9908594243897052,
      0.9984639173617186,
      0.997887251051808,
      0.996847647748638,
      0.9954266728942056
    ],
    "precision": [
      0.9690885972513826,
      0.9779545454545456,
      0.948466935363487,
      0.9052134934031486,
      0.9762557410512502,
      0.977833655705996,
      0.9527733475101896,
      0.9142087030384904,
      0.9809190809190808,
      0.9781144781144782,
      0.9736231884057972,
      0.9627043849869936
    ],
    "mcc": [
      0.9610113864646564,
      0.966753063102272,
      0.9388894499376482,
      0.8994025145686324,
      0.9609863841020108,
      0.9606831022431488,
      0.9270975789952076,
      0.89888610717492,
      0.9831845551264228,
      0.9777426501821956,
      0.9662376734079892,
      0.9496531919884712
    ],
    "brier": [
      0.004769616131362749,
      0.010673267326732674,
      0.0031255856476584843
    ],
    "brier_recommended": [
      0.004769616131362749,
      0.010673267326732674,
      0.0031255856476584843
    ],
    "brier_multiclass_sum": [
      0.05246577744499024,
      0.11740594059405941,
      0.03438144212424333
    ],
    "brier_multiclass_mean": [
      0.004769616131362749,
      0.010673267326732674,
      0.0031255856476584843
    ],
    "log_loss": [
      0.09999294706221466,
      0.27003136057007404,
      0.07944962687381732
    ],
    "ece": [
      0.012491016903052658,
      0.13851485148514853,
      0.03574142241581685
    ],
    "ece_top1": [
      0.012491016903052658,
      0.13851485148514853,
      0.03574142241581685
    ],
    "ece_ovr_macro": [
      0.005785394663820703,
      0.02166516651665167,
      0.0034825877858356614
    ],
    "mean_confidence_top1": [
      0.9585559473375707,
      0.7971287128712871,
      0.9494070924356683
    ],
    "accuracy_top1": [
      0.9655172413793104,
      0.9356435643564357,
      0.9851485148514851
    ],
    "confidence_gap_top1": [
      -0.0069612940417397295,
      -0.13851485148514864,
      -0.03574142241581679
    ],
    "pred_alignment_mismatch_rate": [
      0.0,
      0.0,
      0.0
    ],
    "ece_ovr__ATRT_MYC": [
      0.003272088039419854,
      0.022623762376237623,
      0.001996697790452707
    ],
    "ece_ovr__ATRT_SHH": [
      0.006379838285381157,
      0.028168316831683166,
      0.009734883236143866
    ],
    "ece_ovr__ATRT_TYR": [
      0.00486020583923609,
      0.01306930693069307,
      0.0036310510994558886
    ],
    "ece_ovr__CNS_BCOR_ITD": [
      0.004571638181315936,
      0.008118811881188123,
      0.001915374488959817
    ],
    "ece_ovr__CNS_NB_FOXR2": [
      0.0009824954035292882,
      0.013069306930693077,
      0.0008286998323699286
    ],
    "ece_ovr__ETMR_C19MC": [
      0.0005543474198992661,
      0.006188118811881207,
      0.0009785970689955873
    ],
    "ece_ovr__MB_G3": [
      0.01508890142478568,
      0.0435148514851485,
      0.00478002480028807
    ],
    "ece_ovr__MB_G4": [
      0.014517782522000085,
      0.04742574257425743,
      0.008201107791848983
    ],
    "ece_ovr__MB_SHH_CHL_AD": [
      0.006183953063010803,
      0.01757425742574257,
      0.001884091792837636
    ],
    "ece_ovr__MB_SHH_INF": [
      0.00599377005492873,
      0.023712871287128692,
      0.0036010187808492265
    ],
    "ece_ovr__MB_WNT": [
      0.0012343210685208403,
      0.01485148514851485,
      0.0007569189619905583
    ],