{
  "summary": {
    "f1_macro": 0.9677441296527117,
    "balanced_accuracy": 0.9706088180029795,
    "recall": 0.9706088180029795,
    "specificity": 0.9995702059637086,
    "ppv": 0.9697123237460442,
    "npv": 0.9995555447047003,
    "precision": 0.9697123237460442,
    "mcc": 0.985953429357422,
    "brier": 0.0007875318529646106,
    "brier_recommended": 0.0007875318529646106,
    "brier_multiclass_sum": 0.022838423735973706,
    "brier_multiclass_mean": 0.0007875318529646106,
    "log_loss": 0.11999584973938554,
    "ece": 0.010547222367001416,
    "ece_top1": 0.010547222367001416,
    "ece_ovr_macro": 0.0004372748467389288,
    "mean_confidence_top1": 0.9980678083416151,
    "accuracy_top1": 0.9875205859746137,
    "confidence_gap_top1": 0.010547222367001416,
    "pred_alignment_mismatch_rate": 0.0,
    "ece_ovr__AD_DIFG": 0.000596665318273842,
    "ece_ovr__ATRT": 0.00046097451963420026,
    "ece_ovr__CIRC_ASTR_GLIO": 0.0009632927680265071,
    "ece_ovr__CIRC_MENING_MELANO": 2.029389340098721e-06,
    "ece_ovr__CRANIO": 8.678150649339292e-05,
    "ece_ovr__CRAN_PARASPINAL": 1.6715998889804136e-08,
    "ece_ovr__CTRL_BRAIN": 0.0010211717234466344,
    "ece_ovr__CTRL_TME": 0.0001564092819270867,
    "ece_ovr__EPENDYM": 0.0006683341374454856,
    "ece_ovr__ESTHESIO": 0.0001356936745485897,
    "ece_ovr__GLIONEUR_NEUR": 0.001386346294091842,
    "ece_ovr__LYMPH": 1.3393846400843727e-05,
    "ece_ovr__MB": 0.0013627609666238194,
    "ece_ovr__MELANOCYTIC": 0.0007530135380664532,
    "ece_ovr__MENINGI": 5.101286740666486e-05,
    "ece_ovr__MESEN_OTHER": 0.00014036747205592548,
    "ece_ovr__MISC_RARE_LYMPH": 5.676883057532922e-08,
    "ece_ovr__NC_CSF": 0.0004975060319804881,
    "ece_ovr__NOTOCHRD": 0.0002697801004204114,
    "ece_ovr__NST": 0.00046795305165934245,
    "ece_ovr__OTHER_EMBRY": 0.0002576189396153033,
    "ece_ovr__PINEAL": 0.0003261720346791833,
    "ece_ovr__PITUI": 0.00028872621780646796,
    "ece_ovr__PIT_AD": 7.67658210983676e-06,
    "ece_ovr__PLEXUS": 0.0007116418945944146,
    "ece_ovr__RB1": 0.0001356869698756891,
    "ece_ovr__UNCERT_DIFF": 0.0003955285960791217,
    "ece_ovr__ped_HGG": 0.0012640616035752917,
    "ece_ovr__ped_LGG": 0.00026029774442253153,
    "brier_uncalibrated": 0.0007875318529646106,
    "brier_recommended_uncalibrated": 0.0007875318529646106,
    "brier_multiclass_sum_uncalibrated": 0.022838423735973706,
    "brier_multiclass_mean_uncalibrated": 0.0007875318529646106,
    "log_loss_uncalibrated": 0.11999584973938554,
    "ece_uncalibrated": 0.010547222367001416,
    "ece_top1_uncalibrated": 0.010547222367001416,
    "ece_ovr_macro_uncalibrated": 0.0004372748467389288,
    "mean_confidence_top1_uncalibrated": 0.9980678083416151,
    "accuracy_top1_uncalibrated": 0.9875205859746137,
    "confidence_gap_top1_uncalibrated": 0.010547222367001416,
    "pred_alignment_mismatch_rate_uncalibrated": 0.0,
    "ece_ovr__AD_DIFG_uncalibrated": 0.000596665318273842,
    "ece_ovr__ATRT_uncalibrated": 0.00046097451963420026,
    "ece_ovr__CIRC_ASTR_GLIO_uncalibrated": 0.0009632927680265071,
    "ece_ovr__CIRC_MENING_MELANO_uncalibrated": 2.029389340098721e-06,
    "ece_ovr__CRANIO_uncalibrated": 8.678150649339292e-05,
    "ece_ovr__CRAN_PARASPINAL_uncalibrated": 1.6715998889804136e-08,
    "ece_ovr__CTRL_BRAIN_uncalibrated": 0.0010211717234466344,
    "ece_ovr__CTRL_TME_uncalibrated": 0.0001564092819270867,
    "ece_ovr__EPENDYM_uncalibrated": 0.0006683341374454856,
    "ece_ovr__ESTHESIO_uncalibrated": 0.0001356936745485897,
    "ece_ovr__GLIONEUR_NEUR_uncalibrated": 0.001386346294091842,
    "ece_ovr__LYMPH_uncalibrated": 1.3393846400843727e-05,
    "ece_ovr__MB_uncalibrated": 0.0013627609666238194,
    "ece_ovr__MELANOCYTIC_uncalibrated": 0.0007530135380664532,
    "ece_ovr__MENINGI_uncalibrated": 5.101286740666486e-05,
    "ece_ovr__MESEN_OTHER_uncalibrated": 0.00014036747205592548,
    "ece_ovr__MISC_RARE_LYMPH_uncalibrated": 5.676883057532922e-08,
    "ece_ovr__NC_CSF_uncalibrated": 0.0004975060319804881,
    "ece_ovr__NOTOCHRD_uncalibrated": 0.0002697801004204114,
    "ece_ovr__NST_uncalibrated": 0.00046795305165934245,
    "ece_ovr__OTHER_EMBRY_uncalibrated": 0.0002576189396153033,
    "ece_ovr__PINEAL_uncalibrated": 0.0003261720346791833,
    "ece_ovr__PITUI_uncalibrated": 0.00028872621780646796,
    "ece_ovr__PIT_AD_uncalibrated": 7.67658210983676e-06,
    "ece_ovr__PLEXUS_uncalibrated": 0.0007116418945944146,
    "ece_ovr__RB1_uncalibrated": 0.0001356869698756891,
    "ece_ovr__UNCERT_DIFF_uncalibrated": 0.0003955285960791217,
    "ece_ovr__ped_HGG_uncalibrated": 0.0012640616035752917,
    "ece_ovr__ped_LGG_uncalibrated": 0.00026029774442253153
  },
  "per_fold": {
    "f1": [
      0.96269999365815,
      0.9668470137339484,
      0.985769955104265,
      0.9669084224908904,
      0.961963910955413,
      0.9622754819736028
    ],
    "balanced_accuracy": [
      0.9698710062686244,
      0.9727983452691256,
      0.9863572183136904,
      0.9676828223473232,
      0.9618842828955914,
      0.9650592329235228
    ],
    "sensitivity": [
      0.9698710062686244,
      0.9727983452691256,
      0.9863572183136904,
      0.9676828223473232,
      0.9618842828955914,
      0.9650592329235228
    ],
    "specificity": [
      0.999533247070055,
      0.9994680541683932,
      0.999723954460618,
      0.9995278602085872,
      0.9995793867082002,
      0.9995887331663978
    ],
    "ppv": [
      0.9606829965528204,
      0.9652147060762212,
      0.9863809139924756,
      0.97417531131167,
      0.9701139813026232,
      0.9617060332404552
    ],
    "npv": [
      0.9994926558534444,
      0.9994549016186096,
      0.9997051925159282,
      0.9995598709285792,
      0.999543623532188,
      0.9995770237794528
    ],
    "precision": [
      0.9606829965528204,
      0.9652147060762212,
      0.9863809139924756,
      0.97417531131167,
      0.9701139813026232,
      0.9617060332404552
    ],
    "mcc": [
      0.9843317284082524,
      0.9828474077078208,
      0.9906910467530764,
      0.985775758766394,
      0.985802124162113,
      0.9862725103468756
    ],
    "brier": [
      0.0008580076443947137,
      0.0007612890493554753,
      0.0007432988651436427
    ],
    "brier_recommended": [
      0.0008580076443947137,
      0.0007612890493554753,
      0.0007432988651436427
    ],
    "brier_multiclass_sum": [
      0.0248822216874467,
      0.022077382431308783,
      0.021555667089165637
    ],
    "brier_multiclass_mean": [
      0.0008580076443947137,
      0.0007612890493554753,
      0.0007432988651436427
    ],
    "log_loss": [
      0.13662764553972376,
      0.12183053572233343,
      0.10152936795609939
    ],
    "ece": [
      0.011999291700498183,
      0.009800029179406589,
      0.009842346221099474
    ],
    "ece_top1": [
      0.011999291700498183,
      0.009800029179406589,
      0.009842346221099474
    ],
    "ece_ovr_macro": [
      0.00038402455004245896,
      0.0005221716226963739,
      0.0004056283674779533
    ],
    "mean_confidence_top1": [
      0.9977600728233623,
      0.9979970173763948,
      0.998446334825088
    ],
    "accuracy_top1": [
      0.9857607811228641,
      0.9881969881969882,
      0.9886039886039886
    ],
    "confidence_gap_top1": [
      0.011999291700498183,
      0.009800029179406589,
      0.009842346221099474
    ],
    "pred_alignment_mismatch_rate": [
      0.0,
      0.0,
      0.0
    ],
    "ece_ovr__AD_DIFG": [
      0.000372661361707418,
      0.000666318304366015,
      0.000751016288748093
    ],
    "ece_ovr__ATRT": [
      0.0013812030197769658,
      1.342109198003263e-06,
      3.7842992763172287e-07
    ],
    "ece_ovr__CIRC_ASTR_GLIO": [
      0.000693295838503315,
      0.0010919278598181352,
      0.0011046546057580714
    ],
    "ece_ovr__CIRC_MENING_MELANO": [
      4.8493446917385076e-11,
      1.3410783065608617e-07,
      5.95401169619316e-06
    ],