{
  "summary": {
    "f1_macro": 0.980952380952381,
    "balanced_accuracy": 0.9833333333333334,
    "recall": 0.9833333333333334,
    "specificity": 0.9974358974358974,
    "ppv": 0.9833333333333334,
    "npv": 0.9974358974358974,
    "precision": 0.9833333333333334,
    "mcc": 0.9844961240310077,
    "brier_calibrated": 0.02498925355620718,
    "ece_calibrated": 0.2600458381438174,
    "log_loss_calibrated": 0.34014079164659256,
    "brier": 0.02498925355620718,
    "brier_recommended": 0.02498925355620718,
    "brier_multiclass_sum": 0.1249462677810359,
    "brier_multiclass_mean": 0.02498925355620718,
    "log_loss": 0.34014079164659256,
    "ece": 0.2600458381438174,
    "ece_top1": 0.2600458381438174,
    "ece_ovr_macro": 0.10124993251455376,
    "mean_confidence_top1": 0.7284599089826194,
    "accuracy_top1": 0.9885057471264368,
    "confidence_gap_top1": -0.2600458381438175,
    "pred_alignment_mismatch_rate": 0.0,
    "ece_ovr__G3": 0.09758330785809394,
    "ece_ovr__G4": 0.11177388670821935,
    "ece_ovr__OTHER": 0.08229828898215612,
    "ece_ovr__SHH": 0.10109998376504174,
    "ece_ovr__WNT": 0.11349419525925764,
    "brier_uncalibrated": 0.14873791335480427,
    "brier_recommended_uncalibrated": 0.14873791335480427,
    "brier_multiclass_sum_uncalibrated": 0.7436895667740214,
    "brier_multiclass_mean_uncalibrated": 0.14873791335480427,
    "log_loss_uncalibrated": 1.476063602731874,
    "ece_uncalibrated": 0.7711947955912862,
    "ece_top1_uncalibrated": 0.7711947955912862,
    "ece_ovr_macro_uncalibrated": 0.3000299431440897,
    "mean_confidence_top1_uncalibrated": 0.22880520440871377,
    "accuracy_top1_uncalibrated": 1.0,
    "confidence_gap_top1_uncalibrated": -0.7711947955912862,
    "pred_alignment_mismatch_rate_uncalibrated": 0.0,
    "ece_ovr__G3_uncalibrated": 0.30775577459942244,
    "ece_ovr__G4_uncalibrated": 0.4352841774470626,
    "ece_ovr__OTHER_uncalibrated": 0.24435807978761928,
    "ece_ovr__SHH_uncalibrated": 0.2547764904594163,
    "ece_ovr__WNT_uncalibrated": 0.2579751934269277,
    "brier_recommended_calibrated": 0.02498925355620718,
    "brier_multiclass_sum_calibrated": 0.1249462677810359,
    "brier_multiclass_mean_calibrated": 0.02498925355620718,
    "ece_top1_calibrated": 0.2600458381438174,
    "ece_ovr_macro_calibrated": 0.10124993251455376,
    "mean_confidence_top1_calibrated": 0.7284599089826194,
    "accuracy_top1_calibrated": 0.9885057471264368,
    "confidence_gap_top1_calibrated": -0.2600458381438175,
    "pred_alignment_mismatch_rate_calibrated": 0.0,
    "ece_ovr__G3_calibrated": 0.09758330785809394,
    "ece_ovr__G4_calibrated": 0.11177388670821935,
    "ece_ovr__OTHER_calibrated": 0.08229828898215612,
    "ece_ovr__SHH_calibrated": 0.10109998376504174,
    "ece_ovr__WNT_calibrated": 0.11349419525925764
  },
  "per_fold": {
    "f1": [
      0.9428571428571428,
      1.0,
      1.0
    ],
    "balanced_accuracy": [
      0.95,
      1.0,
      1.0
    ],
    "sensitivity": [
      0.95,
      1.0,
      1.0
    ],
    "specificity": [
      0.9923076923076924,
      1.0,
      1.0
    ],
    "ppv": [
      0.95,
      1.0,
      1.0
    ],
    "npv": [
      0.9923076923076924,
      1.0,
      1.0
    ],
    "precision": [
      0.95,
      1.0,
      1.0
    ],
    "mcc": [
      0.9534883720930232,
      1.0,
      1.0
    ],
    "brier_calibrated": [
      0.027937799880300568,
      0.025907478383863147,
      0.02112248240445782
    ],
    "ece_calibrated": [
      0.2534311085901846,
      0.2741667513298465,
      0.2525396545114211
    ],
    "log_loss_calibrated": [
      0.3664106963168912,
      0.3460416081415348,
      0.30797007048135155
    ],
    "brier": [
      0.027937799880300568,
      0.025907478383863147,
      0.02112248240445782
    ],
    "brier_recommended": [
      0.027937799880300568,
      0.025907478383863147,
      0.02112248240445782
    ],
    "brier_multiclass_sum": [
      0.13968899940150284,
      0.12953739191931574,
      0.1056124120222891
    ],
    "brier_multiclass_mean": [
      0.027937799880300568,
      0.025907478383863147,
      0.02112248240445782
    ],
    "log_loss": [
      0.3664106963168912,
      0.3460416081415348,
      0.30797007048135155
    ],
    "ece": [
      0.2534311085901846,
      0.2741667513298465,
      0.2525396545114211
    ],
    "ece_top1": [
      0.2534311085901846,
      0.2741667513298465,
      0.2525396545114211
    ],
    "ece_ovr_macro": [
      0.10622907780595267,
      0.10000168800122644,
      0.09751903173648216
    ],
    "mean_confidence_top1": [
      0.7120861327891258,
      0.7258332486701534,
      0.7474603454885788
    ],
    "accuracy_top1": [
      0.9655172413793104,
      1.0,
      1.0
    ],
    "confidence_gap_top1": [
      -0.2534311085901846,
      -0.2741667513298466,
      -0.25253965451142124
    ],
    "pred_alignment_mismatch_rate": [
      0.0,
      0.0,
      0.0
    ],
    "ece_ovr__G3": [
      0.10349855698108146,
      0.09543997737264205,
      0.09381138922055832
    ],
    "ece_ovr__G4": [
      0.11933085040130165,
      0.10453144688520377,
      0.1114593628381526
    ],
    "ece_ovr__OTHER": [
      0.08756378292420719,
      0.0792240897379877,
      0.08010699428427344
    ],
    "ece_ovr__SHH": [
      0.0986100445705191,
      0.10428825790315038,
      0.10040164882145573
    ],
    "ece_ovr__WNT": [
      0.12214215415265402,
      0.11652466810714823,
      0.10181576351797064
    ],
    "brier_uncalibrated": [
      0.14939539125806794,
      0.14837848892646355,
      0.14843985987988134
    ],
    "brier_recommended_uncalibrated": [
      0.14939539125806794,
      0.14837848892646355,
      0.14843985987988134
    ],
    "brier_multiclass_sum_uncalibrated": [
      0.7469769562903398,
      0.7418924446323177,
      0.7421992993994068
    ],
    "brier_multiclass_mean_uncalibrated": [
      0.14939539125806794,
      0.14837848892646355,
      0.14843985987988134
    ],
    "log_loss_uncalibrated": [
      1.4834967078533676,
      1.4721484268802598,
      1.472545673461995
    ],
    "ece_uncalibrated": [
      0.7729066938090524,
      0.7702337990297058,
      0.7704438939351004
    ],
    "ece_top1_uncalibrated": [
      0.7729066938090524,
      0.7702337990297058,
      0.7704438939351004
    ],
    "ece_ovr_macro_uncalibrated": [
      0.2981005719168602,
      0.2966618072860031,
      0.3053274502294058
    ],
    "mean_confidence_top1_uncalibrated": [
      0.22709330619094756,
      0.22976620097029415,
      0.22955610606489965
    ],
    "accuracy_top1_uncalibrated": [
      1.0,
      1.0,
      1.0
    ],
    "confidence_gap_top1_uncalibrated": [
      -0.7729066938090524,
      -0.7702337990297059,
      -0.7704438939351004
    ],
    "pred_alignment_mismatch_rate_uncalibrated": [
      0.0,
      0.0,
      0.0
    ],
    "ece_ovr__G3_uncalibrated": [
      0.3073360064356684,
      0.30355753468575253,
      0.3123737826768464
    ],
    "ece_ovr__G4_uncalibrated": [
      0.4225387726843345,
      0.44032739474436394,
      0.44298636491248944
    ],
    "ece_ovr__OTHER_uncalibrated": [
      0.25504059328598977,
      0.22332119067679176,
      0.25471245540007637
    ],
    "ece_ovr__SHH_uncalibrated": [
      0.2484124011919136,
      0.25758913685055407,
      0.2583279333357813
    ],
    "ece_ovr__WNT_uncalibrated": [
      0.2571750859863945,
      0.2585137794725535,
      0.2582367148218352
    ],
    "brier_recommended_calibrated": [
      0.027937799880300568,
      0.025907478383863147,
      0.02112248240445782
    ],
    "brier_multiclass_sum_calibrated": [
      0.13968899940150284,
      0.12953739191931574,
      0.1056124120222891
    ],
    "brier_multiclass_mean_calibrated": [
      0.027937799880300568,
      0.025907478383863147,
      0.02112248240445782
    ],
    "ece_top1_calibrated": [
      0.2534311085901846,
      0.2741667513298465,
      0.2525396545114211
    ],