{
  "fold": 3,
  "variant": "none",
  "calibration_metadata": {
    "enabled": false,
    "enabled_requested": "true",
    "method_requested": "sigmoid",
    "method_used": "sigmoid",
    "cv": 3,
    "bins": 10,
    "binning": "uniform",
    "warnings": [],
    "enabled_candidate": true,
    "decision": "disabled_by_metrics",
    "decision_reasons": [
      "R4_failed_improvement: ece_ovr_macro delta=+0.013540, allowed <= 0.010000"
    ],
    "final_variant": "uncalibrated"
  },
  "calibrated": {
    "brier": 0.018299644448530387,
    "brier_recommended": 0.018299644448530387,
    "brier_binary": null,
    "brier_multiclass_sum": 0.07319857779412155,
    "brier_multiclass_mean": 0.018299644448530387,
    "log_loss": 0.22396968667047915,
    "ece": 0.1913815141707919,
    "ece_top1": 0.1913815141707919,
    "ece_binary_pos": null,
    "ece_ovr_macro": 0.09569075708539597,
    "mean_confidence_top1": 0.808618485829208,
    "accuracy_top1": 1.0,
    "confidence_gap_top1": -0.19138151417079197,
    "pred_alignment_mismatch_rate": 0.0,
    "pred_alignment_note": "Using argmax(y_proba) for top1 ECE by definition; y_pred mismatch indicates postprocessing.",
    "ece_ovr__G3": 0.0665576530250164,
    "ece_ovr__G4": 0.09488439712639724,
    "ece_ovr__SHH": 0.11440362313802421,
    "ece_ovr__WNT": 0.106917355052146
  },
  "uncalibrated": {
    "brier": 0.17358173932715992,
    "brier_recommended": 0.17358173932715992,
    "brier_binary": null,
    "brier_multiclass_sum": 0.6943269573086397,
    "brier_multiclass_mean": 0.17358173932715992,
    "log_loss": 1.2790445401020063,
    "ece": 0.7215050556584213,
    "ece_top1": 0.7215050556584213,
    "ece_binary_pos": null,
    "ece_ovr_macro": 0.08215095958698158,
    "mean_confidence_top1": 0.2784949443415786,
    "accuracy_top1": 1.0,
    "confidence_gap_top1": -0.7215050556584214,
    "pred_alignment_mismatch_rate": 0.0,
    "pred_alignment_note": "Using argmax(y_proba) for top1 ECE by definition; y_pred mismatch indicates postprocessing.",
    "ece_ovr__G3": 0.06850880712644145,
    "ece_ovr__G4": 0.13266825068676785,
    "ece_ovr__SHH": 0.009076469396215509,
    "ece_ovr__WNT": 0.11835031113850153
  },
  "overall": {
    "probability_quality": {
      "uncalibrated": {
        "brier": 0.17358173932715992,
        "brier_recommended": 0.17358173932715992,
        "brier_binary": null,
        "brier_multiclass_sum": 0.6943269573086397,
        "brier_multiclass_mean": 0.17358173932715992,
        "log_loss": 1.2790445401020063,
        "ece": 0.7215050556584213,
        "ece_top1": 0.7215050556584213,
        "ece_binary_pos": null,
        "ece_ovr_macro": 0.08215095958698158,
        "mean_confidence_top1": 0.2784949443415786,
        "accuracy_top1": 1.0,
        "confidence_gap_top1": -0.7215050556584214,
        "pred_alignment_mismatch_rate": 0.0,
        "pred_alignment_note": "Using argmax(y_proba) for top1 ECE by definition; y_pred mismatch indicates postprocessing.",
        "ece_ovr__G3": 0.06850880712644145,
        "ece_ovr__G4": 0.13266825068676785,
        "ece_ovr__SHH": 0.009076469396215509,
        "ece_ovr__WNT": 0.11835031113850153
      },
      "calibrated": {
        "brier": 0.018299644448530387,
        "brier_recommended": 0.018299644448530387,
        "brier_binary": null,
        "brier_multiclass_sum": 0.07319857779412155,
        "brier_multiclass_mean": 0.018299644448530387,
        "log_loss": 0.22396968667047915,
        "ece": 0.1913815141707919,
        "ece_top1": 0.1913815141707919,
        "ece_binary_pos": null,
        "ece_ovr_macro": 0.09569075708539597,
        "mean_confidence_top1": 0.808618485829208,
        "accuracy_top1": 1.0,
        "confidence_gap_top1": -0.19138151417079197,
        "pred_alignment_mismatch_rate": 0.0,
        "pred_alignment_note": "Using argmax(y_proba) for top1 ECE by definition; y_pred mismatch indicates postprocessing.",
        "ece_ovr__G3": 0.0665576530250164,
        "ece_ovr__G4": 0.09488439712639724,
        "ece_ovr__SHH": 0.11440362313802421,
        "ece_ovr__WNT": 0.106917355052146
      },
      "final_variant": "uncalibrated",
      "calibration_decision": {
        "enabled_requested": "true",
        "enabled_final": false,
        "method_requested": "sigmoid",
        "method_used": "sigmoid",
        "decision": "disabled_by_metrics",
        "reasons": [
          "R4_failed_improvement: ece_ovr_macro delta=+0.013540, allowed <= 0.010000"
        ],
        "n_samples": 31,
        "min_class_n": 4,
        "metrics_compared": {
          "brier_recommended": {
            "uncal": 0.17358173932715992,
            "cal": 0.018299644448530387,
            "delta": -0.15528209487862954
          },
          "log_loss": {
            "uncal": 1.2790445401020063,
            "cal": 0.22396968667047915,
            "delta": -1.055074853431527
          },
          "ece_top1": {
            "uncal": 0.7215050556584213,
            "cal": 0.1913815141707919,
            "delta": -0.5301235414876293
          },
          "ece_ovr_macro": {
            "uncal": 0.08215095958698158,
            "cal": 0.09569075708539597,
            "delta": 0.013539797498414385
          }
        }
      }
    }
  }
}