{
  "folds": {
    "fold_1_none": {
      "sigmoid": {
        "enabled": true,
        "warnings": [],
        "brier": 0.027937799880300568,
        "brier_recommended": 0.027937799880300568,
        "brier_binary": null,
        "brier_multiclass_sum": 0.13968899940150284,
        "brier_multiclass_mean": 0.027937799880300568,
        "log_loss": 0.3664106963168912,
        "ece": 0.2534311085901846,
        "ece_top1": 0.2534311085901846,
        "ece_binary_pos": null,
        "ece_ovr_macro": 0.10622907780595267,
        "mean_confidence_top1": 0.7120861327891258,
        "accuracy_top1": 0.9655172413793104,
        "confidence_gap_top1": -0.2534311085901846,
        "pred_alignment_mismatch_rate": 0.0,
        "pred_alignment_note": "Using argmax(y_proba) for top1 ECE by definition; y_pred mismatch indicates postprocessing.",
        "ece_ovr__G3": 0.10349855698108146,
        "ece_ovr__G4": 0.11933085040130165,
        "ece_ovr__OTHER": 0.08756378292420719,
        "ece_ovr__SHH": 0.0986100445705191,
        "ece_ovr__WNT": 0.12214215415265402
      },
      "isotonic": {
        "enabled": false,
        "warnings": [
          "Isotonic calibration not supported (min samples or class counts too low); skipping."
        ],
        "brier": null,
        "ece": null,
        "log_loss": null
      },
      "fold": 1,
      "variant": "none"
    },
    "fold_2_none": {
      "sigmoid": {
        "enabled": true,
        "warnings": [],
        "brier": 0.025907478383863147,
        "brier_recommended": 0.025907478383863147,
        "brier_binary": null,
        "brier_multiclass_sum": 0.12953739191931574,
        "brier_multiclass_mean": 0.025907478383863147,
        "log_loss": 0.3460416081415348,
        "ece": 0.2741667513298465,
        "ece_top1": 0.2741667513298465,
        "ece_binary_pos": null,
        "ece_ovr_macro": 0.10000168800122644,
        "mean_confidence_top1": 0.7258332486701534,
        "accuracy_top1": 1.0,
        "confidence_gap_top1": -0.2741667513298466,
        "pred_alignment_mismatch_rate": 0.0,
        "pred_alignment_note": "Using argmax(y_proba) for top1 ECE by definition; y_pred mismatch indicates postprocessing.",
        "ece_ovr__G3": 0.09543997737264205,
        "ece_ovr__G4": 0.10453144688520377,
        "ece_ovr__OTHER": 0.0792240897379877,
        "ece_ovr__SHH": 0.10428825790315038,
        "ece_ovr__WNT": 0.11652466810714823
      },
      "isotonic": {
        "enabled": false,
        "warnings": [
          "Isotonic calibration not supported (min samples or class counts too low); skipping."
        ],
        "brier": null,
        "ece": null,
        "log_loss": null
      },
      "fold": 2,
      "variant": "none"
    },
    "fold_3_none": {
      "sigmoid": {
        "enabled": true,
        "warnings": [],
        "brier": 0.02112248240445782,
        "brier_recommended": 0.02112248240445782,
        "brier_binary": null,
        "brier_multiclass_sum": 0.1056124120222891,
        "brier_multiclass_mean": 0.02112248240445782,
        "log_loss": 0.30797007048135155,
        "ece": 0.2525396545114211,
        "ece_top1": 0.2525396545114211,
        "ece_binary_pos": null,
        "ece_ovr_macro": 0.09751903173648216,
        "mean_confidence_top1": 0.7474603454885788,
        "accuracy_top1": 1.0,
        "confidence_gap_top1": -0.25253965451142124,
        "pred_alignment_mismatch_rate": 0.0,
        "pred_alignment_note": "Using argmax(y_proba) for top1 ECE by definition; y_pred mismatch indicates postprocessing.",
        "ece_ovr__G3": 0.09381138922055832,
        "ece_ovr__G4": 0.1114593628381526,
        "ece_ovr__OTHER": 0.08010699428427344,
        "ece_ovr__SHH": 0.10040164882145573,
        "ece_ovr__WNT": 0.10181576351797064
      },
      "isotonic": {
        "enabled": false,
        "warnings": [
          "Isotonic calibration not supported (min samples or class counts too low); skipping."
        ],
        "brier": null,
        "ece": null,
        "log_loss": null
      },
      "fold": 3,
      "variant": "none"
    }
  },
  "confusion_matrices": {
    "labels": [
      "G3",
      "G4",
      "OTHER",
      "SHH",
      "WNT"
    ],
    "folds": {
      "fold_1_none": {
        "matrix": [
          [
            6,
            0,
            0,
            0,
            0
          ],
          [
            0,
            13,
            0,
            0,
            0
          ],
          [
            0,
            0,
            3,
            0,
            0
          ],
          [
            0,
            0,
            0,
            3,
            1
          ],
          [
            0,
            0,
            0,
            0,
            3
          ]
        ],
        "variant": "none",
        "fold": 1
      },
      "fold_2_none": {
        "matrix": [
          [
            7,
            0,
            0,
            0,
            0
          ],
          [
            0,
            13,
            0,
            0,
            0
          ],
          [
            0,
            0,
            2,
            0,
            0
          ],
          [
            0,
            0,
            0,
            3,
            0
          ],
          [
            0,
            0,
            0,
            0,
            3
          ]
        ],
        "variant": "none",
        "fold": 2
      },
      "fold_3_none": {
        "matrix": [
          [
            6,
            0,
            0,
            0,
            0
          ],
          [
            0,
            13,
            0,
            0,
            0
          ],
          [
            0,
            0,
            3,
            0,
            0
          ],
          [
            0,
            0,
            0,
            3,
            0
          ],
          [
            0,
            0,
            0,
            0,
            3
          ]
        ],
        "variant": "none",
        "fold": 3
      }
    },
    "aggregate": [
      [
        19,
        0,
        0,
        0,
        0
      ],
      [
        0,
        39,
        0,
        0,
        0
      ],
      [
        0,
        0,
        8,
        0,
        0
      ],
      [
        0,
        0,
        0,
        9,
        1
      ],
      [
        0,
        0,
        0,
        0,
        9
      ]
    ]
  },
  "selection": {
    "method_default": "sigmoid",
    "method_selected": "sigmoid",
    "reason": "Default to sigmoid calibration.",
    "summary": {
      "sigmoid": {
        "n": 3,
        "brier_mean": 0.02498925355620718,
        "ece_mean": 0.2600458381438174,
        "log_loss_mean": 0.34014079164659256
      },
      "isotonic": {
        "n": 0,
        "brier_mean": null,
        "ece_mean": null,
        "log_loss_mean": null
      }
    }
  }
}