{
  "summary": {
    "f1_macro": 0.9540258794083648,
    "balanced_accuracy": 0.9524497572499491,
    "recall": 0.9524497572499491,
    "specificity": 0.9952863008976246,
    "ppv": 0.9597630126004034,
    "npv": 0.9954011862787437,
    "precision": 0.9597630126004034,
    "mcc": 0.9492106381077977
  },
  "per_fold": {
    "f1": [
      0.9624841693963362,
      0.9738636363636364,
      0.9337998782341592,
      0.8938673638991244,
      0.9784765925296004,
      0.978048066133555,
      0.9381289415860298,
      0.9039364829029756,
      0.9816257591105462,
      0.9797253251798708,
      0.9736231884057972,
      0.9507311491587468
    ],
    "balanced_accuracy": [
      0.9580265322912382,
      0.9712412587412588,
      0.9272573015220076,
      0.8877979863273981,
      0.9821048516700692,
      0.9790644138470224,
      0.932638617421226,
      0.901680203854117,
      0.9828722002635046,
      0.9839262187088272,
      0.9736231884057972,
      0.9491643139469226
    ],
    "sensitivity": [
      0.9580265322912382,
      0.9712412587412588,
      0.9272573015220076,
      0.8877979863273981,
      0.9821048516700692,
      0.9790644138470224,
      0.932638617421226,
      0.901680203854117,
      0.9828722002635046,
      0.9839262187088272,
      0.9736231884057972,
      0.9491643139469226
    ],
    "specificity": [
      0.9963151951043212,
      0.9967266683873168,
      0.9942829704719944,
      0.9908390738043096,
      0.99636299142228,
      0.9962305481080184,
      0.993180752000874,
      0.9907379303388856,
      0.9985319039874124,
      0.998025808936826,
      0.996847647748638,
      0.9953541204606192
    ],
    "ppv": [
      0.9690885972513826,
      0.9779545454545456,
      0.948466935363487,
      0.9052134934031486,
      0.9762557410512502,
      0.977833655705996,
      0.9527733475101896,
      0.9142087030384904,
      0.9809190809190808,
      0.9781144781144782,
      0.9736231884057972,
      0.9627043849869936
    ],
    "npv": [
      0.9965752520016272,
      0.99703378288664,
      0.9946943044923874,
      0.9912451580224484,
      0.9961544349191956,
      0.9962530895715944,
      0.9933733000049564,
      0.9908594243897052,
      0.9984639173617186,
      0.997887251051808,
      0.996847647748638,
      0.9954266728942056
    ],
    "precision": [
      0.9690885972513826,
      0.9779545454545456,
      0.948466935363487,
      0.9052134934031486,
      0.9762557410512502,
      0.977833655705996,
      0.9527733475101896,
      0.9142087030384904,
      0.9809190809190808,
      0.9781144781144782,
      0.9736231884057972,
      0.9627043849869936
    ],
    "mcc": [
      0.9610113864646564,
      0.966753063102272,
      0.9388894499376482,
      0.8994025145686324,
      0.9609863841020108,
      0.9606831022431488,
      0.9270975789952076,
      0.89888610717492,
      0.9831845551264228,
      0.9777426501821956,
      0.9662376734079892,
      0.9496531919884712
    ]
  }
}